[
  {
    "line": 20,
    "elements": [
      {
        "BDD_TESTRUN_UUID": "f592bff6-8233-4088-be4c-b3a61fc9e629",
        "line": 22,
        "name": "",
        "description": "",
        "type": "background",
        "keyword": "Background",
        "steps": [
          {
            "result": {
              "duration": 6540230700,
              "status": "passed"
            },
            "line": 23,
            "name": "User membuka https://evermos.com",
            "match": {
              "location": "LoginWeb.openEvermos()"
            },
            "keyword": "Given ",
            "BDD_STEP_UUID": "6f53cac0-8940-4f4c-bc1b-f0ac9056ace3"
          },
          {
            "result": {
              "duration": 10638078900,
              "status": "passed"
            },
            "line": 24,
            "name": "User klik Masuk",
            "match": {
              "location": "LoginWeb.klikMasuk()"
            },
            "keyword": "When ",
            "BDD_STEP_UUID": "be1e4204-205b-40cf-bd08-845675337e9c"
          }
        ]
      },
      {
        "BDD_TESTRUN_UUID": "f592bff6-8233-4088-be4c-b3a61fc9e629",
        "line": 34,
        "name": "User login menggunakan invalid password",
        "description": "",
        "id": "loginweb;user-login-menggunakan-invalid-password;;2",
        "type": "scenario",
        "keyword": "Scenario Outline",
        "steps": [
          {
            "result": {
              "duration": 1325304100,
              "status": "passed"
            },
            "line": 28,
            "name": "User mengisi 6282113225667 yang benar dan invalid udncYyUJ+jmW3Lvnsj5JXQ\u003d\u003d",
            "match": {
              "arguments": [
                {
                  "val": "6282113225667",
                  "offset": 13
                },
                {
                  "val": "udncYyUJ+jmW3Lvnsj5JXQ\u003d\u003d",
                  "offset": 50
                }
              ],
              "location": "LoginWeb.memasukkanInvalidPassword(String,String)"
            },
            "keyword": "When ",
            "BDD_STEP_UUID": "6969847b-a649-4ec5-81af-5d5a331a8a59"
          },
          {
            "result": {
              "duration": 471925700,
              "status": "passed"
            },
            "line": 29,
            "name": "User klik tombol login",
            "match": {
              "location": "LoginWeb.klikLogin()"
            },
            "keyword": "And ",
            "BDD_STEP_UUID": "2cf68ac0-4030-488f-95a0-0cb4ef4e93b0"
          },
          {
            "result": {
              "duration": 4399321700,
              "status": "passed"
            },
            "line": 30,
            "name": "User akan melihat error \u0027Nomor Telepon atau Kata Sandi anda salah!\u0027",
            "match": {
              "location": "LoginWeb.invalidPasswordMessage()"
            },
            "keyword": "Then ",
            "BDD_STEP_UUID": "f6e67582-053b-4e5f-87d7-8bbd0000ad07"
          }
        ],
        "tags": [
          {
            "name": "@EvermosLoginFeature"
          },
          {
            "name": "@test"
          }
        ]
      },
      {
        "BDD_TESTRUN_UUID": "d10c5874-97f6-42cc-8aec-f04e6096cdc6",
        "line": 22,
        "name": "",
        "description": "",
        "type": "background",
        "keyword": "Background",
        "steps": [
          {
            "result": {
              "duration": 4170626000,
              "status": "passed"
            },
            "line": 23,
            "name": "User membuka https://evermos.com",
            "match": {
              "location": "LoginWeb.openEvermos()"
            },
            "keyword": "Given ",
            "BDD_STEP_UUID": "e2b264cd-3cca-4be2-93e9-bb45888ecf99"
          },
          {
            "result": {
              "duration": 10537188300,
              "status": "passed"
            },
            "line": 24,
            "name": "User klik Masuk",
            "match": {
              "location": "LoginWeb.klikMasuk()"
            },
            "keyword": "When ",
            "BDD_STEP_UUID": "6391bac0-4959-4c84-ad7b-4348174d6980"
          }
        ]
      },
      {
        "BDD_TESTRUN_UUID": "d10c5874-97f6-42cc-8aec-f04e6096cdc6",
        "line": 43,
        "name": "User login menggunakan invalid No. HP",
        "description": "",
        "id": "loginweb;user-login-menggunakan-invalid-no.-hp;;2",
        "type": "scenario",
        "keyword": "Scenario Outline",
        "steps": [
          {
            "result": {
              "duration": 1299306100,
              "status": "passed"
            },
            "line": 37,
            "name": "User mengisi 6282113225699 yang invalid dan jn9+/dk/dX7MRyy6+wlneA\u003d\u003d yang benar",
            "match": {
              "arguments": [
                {
                  "val": "6282113225699",
                  "offset": 13
                },
                {
                  "val": "jn9+/dk/dX7MRyy6+wlneA\u003d\u003d",
                  "offset": 44
                }
              ],
              "location": "LoginWeb.memasukkanInvalidNoHP(String,String)"
            },
            "keyword": "When ",
            "BDD_STEP_UUID": "d2edb4a3-f349-48a8-8b8d-cf627c040577"
          },
          {
            "result": {
              "duration": 415523100,
              "status": "passed"
            },
            "line": 38,
            "name": "User klik tombol login",
            "match": {
              "location": "LoginWeb.klikLogin()"
            },
            "keyword": "And ",
            "BDD_STEP_UUID": "861dbada-3c39-447a-8d53-3e93fa24a908"
          },
          {
            "result": {
              "duration": 1849308500,
              "status": "passed"
            },
            "line": 39,
            "name": "User akan melihat error \u0027Nomor ini belum terdaftar sebagai reseller\u0027",
            "match": {
              "location": "LoginWeb.invalidNoHPMessage()"
            },
            "keyword": "Then ",
            "BDD_STEP_UUID": "8025f53c-9be9-49f1-9945-24b2f76054c8"
          }
        ],
        "tags": [
          {
            "name": "@EvermosLoginFeature"
          }
        ]
      },
      {
        "BDD_TESTRUN_UUID": "abdc50cf-4e9e-46c4-a75c-bcc1b6ded998",
        "line": 22,
        "name": "",
        "description": "",
        "type": "background",
        "keyword": "Background",
        "steps": [
          {
            "result": {
              "duration": 4165067700,
              "status": "passed"
            },
            "line": 23,
            "name": "User membuka https://evermos.com",
            "match": {
              "location": "LoginWeb.openEvermos()"
            },
            "keyword": "Given ",
            "BDD_STEP_UUID": "c5ccecf3-5390-4e01-843d-b0e52c6529ee"
          },
          {
            "result": {
              "duration": 10511732300,
              "status": "passed"
            },
            "line": 24,
            "name": "User klik Masuk",
            "match": {
              "location": "LoginWeb.klikMasuk()"
            },
            "keyword": "When ",
            "BDD_STEP_UUID": "e17ded56-1d00-4544-bc05-e0e288bc9a19"
          }
        ]
      },
      {
        "BDD_TESTRUN_UUID": "abdc50cf-4e9e-46c4-a75c-bcc1b6ded998",
        "line": 52,
        "name": "User melakukan login dengan benar",
        "description": "",
        "id": "loginweb;user-melakukan-login-dengan-benar;;2",
        "type": "scenario",
        "keyword": "Scenario Outline",
        "steps": [
          {
            "result": {
              "duration": 1205580600,
              "status": "passed"
            },
            "line": 46,
            "name": "User mengisi 6282113225667 yang sudah terdaftar and jn9+/dk/dX7MRyy6+wlneA\u003d\u003d yang benar",
            "match": {
              "arguments": [
                {
                  "val": "6282113225667",
                  "offset": 13
                },
                {
                  "val": "jn9+/dk/dX7MRyy6+wlneA\u003d\u003d",
                  "offset": 52
                }
              ],
              "location": "LoginWeb.memasukkanDataValid(String,String)"
            },
            "keyword": "When ",
            "BDD_STEP_UUID": "715e679e-bb70-46d0-a3b8-1c7cdcac6733"
          },
          {
            "result": {
              "duration": 482058100,
              "status": "passed"
            },
            "line": 47,
            "name": "User klik tombol login",
            "match": {
              "location": "LoginWeb.klikLogin()"
            },
            "keyword": "And ",
            "BDD_STEP_UUID": "1e0b8a0a-8d7b-4ec1-8ad7-04e8fe948916"
          },
          {
            "result": {
              "duration": 40738193600,
              "status": "passed"
            },
            "line": 48,
            "name": "User berhasil login and masuk ke halaman beranda",
            "match": {
              "location": "LoginWeb.beranda()"
            },
            "keyword": "Then ",
            "BDD_STEP_UUID": "4a9dd440-c258-49fc-9354-3471e7e748e1"
          }
        ],
        "tags": [
          {
            "name": "@EvermosLoginFeature"
          }
        ]
      }
    ],
    "name": "LoginWeb",
    "description": "",
    "id": "loginweb",
    "keyword": "Feature",
    "uri": "C:/Mutiara/Katalon/LoginWebEvermos/Include/features/LoginWeb.feature",
    "tags": [
      {
        "name": "@EvermosLoginFeature",
        "type": "Tag",
        "location": {
          "line": 19,
          "column": 1
        }
      }
    ]
  }
]