[
  {
    "line": 20,
    "elements": [
      {
        "line": 22,
        "name": "",
        "description": "",
        "type": "background",
        "keyword": "Background",
        "steps": [
          {
            "result": {
              "duration": 5114767500,
              "status": "passed"
            },
            "line": 23,
            "name": "User membuka https://evermos.com",
            "match": {
              "location": "LoginWeb.openEvermos()"
            },
            "keyword": "Given "
          },
          {
            "result": {
              "duration": 10721473900,
              "status": "passed"
            },
            "line": 24,
            "name": "User klik Masuk",
            "match": {
              "location": "LoginWeb.klikMasuk()"
            },
            "keyword": "When "
          }
        ]
      },
      {
        "line": 34,
        "name": "User login menggunakan invalid password",
        "description": "",
        "id": "loginweb;user-login-menggunakan-invalid-password;;2",
        "type": "scenario",
        "keyword": "Scenario Outline",
        "steps": [
          {
            "result": {
              "duration": 1436025200,
              "status": "passed"
            },
            "line": 28,
            "name": "User mengisi 6282113225667 yang benar dan invalid udncYyUJ+jmW3Lvnsj5JXQ\u003d\u003d",
            "match": {
              "arguments": [
                {
                  "val": "6282113225667",
                  "offset": 13
                },
                {
                  "val": "udncYyUJ+jmW3Lvnsj5JXQ\u003d\u003d",
                  "offset": 50
                }
              ],
              "location": "LoginWeb.memasukkanInvalidPassword(String,String)"
            },
            "keyword": "When "
          },
          {
            "result": {
              "duration": 431568500,
              "status": "passed"
            },
            "line": 29,
            "name": "User klik tombol login",
            "match": {
              "location": "LoginWeb.klikLogin()"
            },
            "keyword": "And "
          },
          {
            "result": {
              "duration": 3710479700,
              "status": "passed"
            },
            "line": 30,
            "name": "User akan melihat error \u0027Nomor Telepon atau Kata Sandi anda salah!\u0027",
            "match": {
              "location": "LoginWeb.invalidPasswordMessage()"
            },
            "keyword": "Then "
          }
        ],
        "tags": [
          {
            "name": "@EvermosLoginFeature"
          },
          {
            "name": "@test"
          }
        ]
      },
      {
        "line": 22,
        "name": "",
        "description": "",
        "type": "background",
        "keyword": "Background",
        "steps": [
          {
            "result": {
              "duration": 3635412200,
              "status": "passed"
            },
            "line": 23,
            "name": "User membuka https://evermos.com",
            "match": {
              "location": "LoginWeb.openEvermos()"
            },
            "keyword": "Given "
          },
          {
            "result": {
              "duration": 10462602300,
              "status": "passed"
            },
            "line": 24,
            "name": "User klik Masuk",
            "match": {
              "location": "LoginWeb.klikMasuk()"
            },
            "keyword": "When "
          }
        ]
      },
      {
        "line": 43,
        "name": "User login menggunakan invalid No. HP",
        "description": "",
        "id": "loginweb;user-login-menggunakan-invalid-no.-hp;;2",
        "type": "scenario",
        "keyword": "Scenario Outline",
        "steps": [
          {
            "result": {
              "duration": 1298568200,
              "status": "passed"
            },
            "line": 37,
            "name": "User mengisi 6282113225699 yang invalid dan jn9+/dk/dX7MRyy6+wlneA\u003d\u003d yang benar",
            "match": {
              "arguments": [
                {
                  "val": "6282113225699",
                  "offset": 13
                },
                {
                  "val": "jn9+/dk/dX7MRyy6+wlneA\u003d\u003d",
                  "offset": 44
                }
              ],
              "location": "LoginWeb.memasukkanInvalidNoHP(String,String)"
            },
            "keyword": "When "
          },
          {
            "result": {
              "duration": 463931000,
              "status": "passed"
            },
            "line": 38,
            "name": "User klik tombol login",
            "match": {
              "location": "LoginWeb.klikLogin()"
            },
            "keyword": "And "
          },
          {
            "result": {
              "duration": 1440321200,
              "status": "passed"
            },
            "line": 39,
            "name": "User akan melihat error \u0027Nomor ini belum terdaftar sebagai reseller\u0027",
            "match": {
              "location": "LoginWeb.invalidNoHPMessage()"
            },
            "keyword": "Then "
          }
        ],
        "tags": [
          {
            "name": "@EvermosLoginFeature"
          }
        ]
      },
      {
        "line": 22,
        "name": "",
        "description": "",
        "type": "background",
        "keyword": "Background",
        "steps": [
          {
            "result": {
              "duration": 6340417600,
              "status": "passed"
            },
            "line": 23,
            "name": "User membuka https://evermos.com",
            "match": {
              "location": "LoginWeb.openEvermos()"
            },
            "keyword": "Given "
          },
          {
            "result": {
              "duration": 10481231000,
              "status": "passed"
            },
            "line": 24,
            "name": "User klik Masuk",
            "match": {
              "location": "LoginWeb.klikMasuk()"
            },
            "keyword": "When "
          }
        ]
      },
      {
        "line": 52,
        "name": "User melakukan login dengan benar",
        "description": "",
        "id": "loginweb;user-melakukan-login-dengan-benar;;2",
        "type": "scenario",
        "keyword": "Scenario Outline",
        "steps": [
          {
            "result": {
              "duration": 1281072700,
              "status": "passed"
            },
            "line": 46,
            "name": "User mengisi 6282113225667 yang sudah terdaftar and jn9+/dk/dX7MRyy6+wlneA\u003d\u003d yang benar",
            "match": {
              "arguments": [
                {
                  "val": "6282113225667",
                  "offset": 13
                },
                {
                  "val": "jn9+/dk/dX7MRyy6+wlneA\u003d\u003d",
                  "offset": 52
                }
              ],
              "location": "LoginWeb.memasukkanDataValid(String,String)"
            },
            "keyword": "When "
          },
          {
            "result": {
              "duration": 483349600,
              "status": "passed"
            },
            "line": 47,
            "name": "User klik tombol login",
            "match": {
              "location": "LoginWeb.klikLogin()"
            },
            "keyword": "And "
          },
          {
            "result": {
              "duration": 40634565000,
              "status": "passed"
            },
            "line": 48,
            "name": "User berhasil login and masuk ke halaman beranda",
            "match": {
              "location": "LoginWeb.beranda()"
            },
            "keyword": "Then "
          }
        ],
        "tags": [
          {
            "name": "@EvermosLoginFeature"
          }
        ]
      }
    ],
    "name": "LoginWeb",
    "description": "",
    "id": "loginweb",
    "keyword": "Feature",
    "uri": "C:/Mutiara/Katalon/LoginWebEvermos/Include/features/LoginWeb.feature",
    "tags": [
      {
        "name": "@EvermosLoginFeature",
        "type": "Tag",
        "location": {
          "line": 19,
          "column": 1
        }
      }
    ]
  }
]