[
  {
    "line": 20,
    "elements": [
      {
        "BDD_TESTRUN_UUID": "b1b66a7b-76a8-46c3-9386-035ffb0e586d",
        "line": 22,
        "name": "",
        "description": "",
        "type": "background",
        "keyword": "Background",
        "steps": [
          {
            "result": {
              "duration": 5114767500,
              "status": "passed"
            },
            "line": 23,
            "name": "User membuka https://evermos.com",
            "match": {
              "location": "LoginWeb.openEvermos()"
            },
            "keyword": "Given ",
            "BDD_STEP_UUID": "59e841ba-6e56-4657-a676-8c56ca84cab5"
          },
          {
            "result": {
              "duration": 10721473900,
              "status": "passed"
            },
            "line": 24,
            "name": "User klik Masuk",
            "match": {
              "location": "LoginWeb.klikMasuk()"
            },
            "keyword": "When ",
            "BDD_STEP_UUID": "ec9404f8-4542-4cf1-b0b0-e031f8aefddb"
          }
        ]
      },
      {
        "BDD_TESTRUN_UUID": "b1b66a7b-76a8-46c3-9386-035ffb0e586d",
        "line": 34,
        "name": "User login menggunakan invalid password",
        "description": "",
        "id": "loginweb;user-login-menggunakan-invalid-password;;2",
        "type": "scenario",
        "keyword": "Scenario Outline",
        "steps": [
          {
            "result": {
              "duration": 1436025200,
              "status": "passed"
            },
            "line": 28,
            "name": "User mengisi 6282113225667 yang benar dan invalid udncYyUJ+jmW3Lvnsj5JXQ\u003d\u003d",
            "match": {
              "arguments": [
                {
                  "val": "6282113225667",
                  "offset": 13
                },
                {
                  "val": "udncYyUJ+jmW3Lvnsj5JXQ\u003d\u003d",
                  "offset": 50
                }
              ],
              "location": "LoginWeb.memasukkanInvalidPassword(String,String)"
            },
            "keyword": "When ",
            "BDD_STEP_UUID": "8054fbf6-c03c-4fca-8e23-fd1b3c771e80"
          },
          {
            "result": {
              "duration": 431568500,
              "status": "passed"
            },
            "line": 29,
            "name": "User klik tombol login",
            "match": {
              "location": "LoginWeb.klikLogin()"
            },
            "keyword": "And ",
            "BDD_STEP_UUID": "3d82176b-a712-4a02-9985-999c83f5fd10"
          },
          {
            "result": {
              "duration": 3710479700,
              "status": "passed"
            },
            "line": 30,
            "name": "User akan melihat error \u0027Nomor Telepon atau Kata Sandi anda salah!\u0027",
            "match": {
              "location": "LoginWeb.invalidPasswordMessage()"
            },
            "keyword": "Then ",
            "BDD_STEP_UUID": "ae99aa86-0471-4aaf-bbda-35980f5be49c"
          }
        ],
        "tags": [
          {
            "name": "@EvermosLoginFeature"
          },
          {
            "name": "@test"
          }
        ]
      },
      {
        "BDD_TESTRUN_UUID": "ef40a0f4-0938-4109-91aa-18aaea2485c9",
        "line": 22,
        "name": "",
        "description": "",
        "type": "background",
        "keyword": "Background",
        "steps": [
          {
            "result": {
              "duration": 3635412200,
              "status": "passed"
            },
            "line": 23,
            "name": "User membuka https://evermos.com",
            "match": {
              "location": "LoginWeb.openEvermos()"
            },
            "keyword": "Given ",
            "BDD_STEP_UUID": "d1715a75-94fd-40ad-9bda-b2661f13696e"
          },
          {
            "result": {
              "duration": 10462602300,
              "status": "passed"
            },
            "line": 24,
            "name": "User klik Masuk",
            "match": {
              "location": "LoginWeb.klikMasuk()"
            },
            "keyword": "When ",
            "BDD_STEP_UUID": "bcc53ed1-78db-4974-b6da-d10ad80f838c"
          }
        ]
      },
      {
        "BDD_TESTRUN_UUID": "ef40a0f4-0938-4109-91aa-18aaea2485c9",
        "line": 43,
        "name": "User login menggunakan invalid No. HP",
        "description": "",
        "id": "loginweb;user-login-menggunakan-invalid-no.-hp;;2",
        "type": "scenario",
        "keyword": "Scenario Outline",
        "steps": [
          {
            "result": {
              "duration": 1298568200,
              "status": "passed"
            },
            "line": 37,
            "name": "User mengisi 6282113225699 yang invalid dan jn9+/dk/dX7MRyy6+wlneA\u003d\u003d yang benar",
            "match": {
              "arguments": [
                {
                  "val": "6282113225699",
                  "offset": 13
                },
                {
                  "val": "jn9+/dk/dX7MRyy6+wlneA\u003d\u003d",
                  "offset": 44
                }
              ],
              "location": "LoginWeb.memasukkanInvalidNoHP(String,String)"
            },
            "keyword": "When ",
            "BDD_STEP_UUID": "381200ff-714c-4fc8-8358-d5e573f282f5"
          },
          {
            "result": {
              "duration": 463931000,
              "status": "passed"
            },
            "line": 38,
            "name": "User klik tombol login",
            "match": {
              "location": "LoginWeb.klikLogin()"
            },
            "keyword": "And ",
            "BDD_STEP_UUID": "27ff14e1-2476-4fcc-9b22-93c3c0c10010"
          },
          {
            "result": {
              "duration": 1440321200,
              "status": "passed"
            },
            "line": 39,
            "name": "User akan melihat error \u0027Nomor ini belum terdaftar sebagai reseller\u0027",
            "match": {
              "location": "LoginWeb.invalidNoHPMessage()"
            },
            "keyword": "Then ",
            "BDD_STEP_UUID": "b8e81f96-c03d-45b8-b589-1c829706bd08"
          }
        ],
        "tags": [
          {
            "name": "@EvermosLoginFeature"
          }
        ]
      },
      {
        "BDD_TESTRUN_UUID": "01503591-034c-4377-b339-9b9c6387d4d8",
        "line": 22,
        "name": "",
        "description": "",
        "type": "background",
        "keyword": "Background",
        "steps": [
          {
            "result": {
              "duration": 6340417600,
              "status": "passed"
            },
            "line": 23,
            "name": "User membuka https://evermos.com",
            "match": {
              "location": "LoginWeb.openEvermos()"
            },
            "keyword": "Given ",
            "BDD_STEP_UUID": "825dd3f3-4915-4c18-ba8b-4a2439f149f9"
          },
          {
            "result": {
              "duration": 10481231000,
              "status": "passed"
            },
            "line": 24,
            "name": "User klik Masuk",
            "match": {
              "location": "LoginWeb.klikMasuk()"
            },
            "keyword": "When ",
            "BDD_STEP_UUID": "aac04419-156d-448a-b6d3-5fcea9d72f4d"
          }
        ]
      },
      {
        "BDD_TESTRUN_UUID": "01503591-034c-4377-b339-9b9c6387d4d8",
        "line": 52,
        "name": "User melakukan login dengan benar",
        "description": "",
        "id": "loginweb;user-melakukan-login-dengan-benar;;2",
        "type": "scenario",
        "keyword": "Scenario Outline",
        "steps": [
          {
            "result": {
              "duration": 1281072700,
              "status": "passed"
            },
            "line": 46,
            "name": "User mengisi 6282113225667 yang sudah terdaftar and jn9+/dk/dX7MRyy6+wlneA\u003d\u003d yang benar",
            "match": {
              "arguments": [
                {
                  "val": "6282113225667",
                  "offset": 13
                },
                {
                  "val": "jn9+/dk/dX7MRyy6+wlneA\u003d\u003d",
                  "offset": 52
                }
              ],
              "location": "LoginWeb.memasukkanDataValid(String,String)"
            },
            "keyword": "When ",
            "BDD_STEP_UUID": "bdf0eafd-1c7d-49df-8eb1-0dcf27371f39"
          },
          {
            "result": {
              "duration": 483349600,
              "status": "passed"
            },
            "line": 47,
            "name": "User klik tombol login",
            "match": {
              "location": "LoginWeb.klikLogin()"
            },
            "keyword": "And ",
            "BDD_STEP_UUID": "e5f052b8-1d5f-4c10-8b9c-2d6c7c1233c8"
          },
          {
            "result": {
              "duration": 40634565000,
              "status": "passed"
            },
            "line": 48,
            "name": "User berhasil login and masuk ke halaman beranda",
            "match": {
              "location": "LoginWeb.beranda()"
            },
            "keyword": "Then ",
            "BDD_STEP_UUID": "f8d0a864-3712-4934-b348-de68fe776180"
          }
        ],
        "tags": [
          {
            "name": "@EvermosLoginFeature"
          }
        ]
      }
    ],
    "name": "LoginWeb",
    "description": "",
    "id": "loginweb",
    "keyword": "Feature",
    "uri": "C:/Mutiara/Katalon/LoginWebEvermos/Include/features/LoginWeb.feature",
    "tags": [
      {
        "name": "@EvermosLoginFeature",
        "type": "Tag",
        "location": {
          "line": 19,
          "column": 1
        }
      }
    ]
  }
]